hfpxzc hre,Latitude,Longitude,qBF1Pd,MW4etd,UY7F9,W4Efsd,W4Efsd 2,W4Efsd 3,W4Efsd 4,W4Efsd 5,EgL07d src,R8c4Qb
https://www.google.com/maps/place/Nanpura+Police+Station/data=!4m7!3m6!1s0x3be04e7b2f8a7b8b:0x32a6f50b5f8142bc!8m2!3d21.1902242!4d72.8153718!16s%2Fg%2F1hdz1smwl!19sChIJi3uKL3tO4DsRvEKBXwv1pjI?authuser=0&hl=en&rclk=1,21.190109899999999,72.813936900000002,Nanpura Police Station,3.200000000000000,"-24",Police station,·,"5RR8+34Q, Chowki St, beside the circle",Open 24 hours,·,https://www.gstatic.com/images/icons/material/system_gm/1x/public_gm_blue_24dp.png,Website
https://www.google.com/maps/place/Athwaline+Police+Chowki/data=!4m7!3m6!1s0x3be04e77d599b863:0xef35baf901ded8bb!8m2!3d21.1864908!4d72.810207!16s%2Fg%2F1q5glv5k3!19sChIJY7iZ1XdO4DsRu9jeAfm6Ne8?authuser=0&hl=en&rclk=1,21.186490800000001,72.810207000000005,Athwaline Police Chowki,4.000000000000000,"-4",Police station,·,"Jolly Plaza, Athwa Gate Cir, Opp. to Nawdi Bandar Rd",0261 265 6665,,https://maps.gstatic.com/consumer/images/icons/1x/ic_directions_gm_blue_24px.png,Directions
https://www.google.com/maps/place/Sagrampura+Police+Chowki/data=!4m7!3m6!1s0x3be04e67ca66acb7:0x2fddaeeea65fd2f0!8m2!3d21.1891353!4d72.8251685!16s%2Fg%2F1pzvfqzxr!19sChIJt6xmymdO4DsR8NJfpu6u3S8?authuser=0&hl=en&rclk=1,21.183323300000001,72.823527799999994,Sagrampura Police Chowki,4.500000000000000,"-10",Police station,·,5RQG+M33,,,https://maps.gstatic.com/consumer/images/icons/1x/ic_directions_gm_blue_24px.png,Directions
https://www.google.com/maps/place/Athwalines+Police+Station/data=!4m7!3m6!1s0x3be04e63ac33181d:0x764d38651fa544d5!8m2!3d21.1955315!4d72.8196!16s%2Fg%2F11g6wxcq24!19sChIJHRgzrGNO4DsR1USlH2U4TXY?authuser=0&hl=en&rclk=1,21.195531500000001,72.819599999999994,Athwalines Police Station,1.000000000000000,"-3",Traffic police station,·,"5RW9+6R9, Swamy Dayananad Sagar Marg",,Open,https://maps.gstatic.com/consumer/images/icons/1x/ic_directions_gm_blue_24px.png,Directions
https://www.google.com/maps/place/Ghod+Dod+Police+Chowki/data=!4m7!3m6!1s0x3be04e74a132daa9:0x989f2487d470375c!8m2!3d21.1757282!4d72.8099491!16s%2Fg%2F11bxg1m3x2!19sChIJqdoyoXRO4DsRXDdw1Ickn5g?authuser=0&hl=en&rclk=1,21.175728199999998,72.809949099999997,Ghod Dod Police Chowki,4.100000000000000,"-9",Police station,·,"5RG5+7XW, Ghod Dod Rd",,,https://maps.gstatic.com/consumer/images/icons/1x/ic_directions_gm_blue_24px.png,Directions
https://www.google.com/maps/place/Athwa+Police+Station/data=!4m7!3m6!1s0x3be04e61f0021d63:0x141c9c862fe4df5f!8m2!3d21.1983001!4d72.8227415!16s%2Fg%2F1jgm2msmc!19sChIJYx0C8GFO4DsRX9_kL4acHBQ?authuser=0&hl=en&rclk=1,21.198300100000001,72.822741500000006,Athwa Police Station,4.300000000000000,"-7",Police department,·,5RXF+83H,0261 246 3827,,https://maps.gstatic.com/consumer/images/icons/1x/ic_directions_gm_blue_24px.png,Directions
https://www.google.com/maps/place/Chowpatti+Police+Chowki/data=!4m7!3m6!1s0x3be04e77b9acfa5b:0xeab6eef1e61f220b!8m2!3d21.1835848!4d72.8071994!16s%2Fg%2F1hm2msqz0!19sChIJW_qsuXdO4DsRCyIf5vHutuo?authuser=0&hl=en&rclk=1,21.183584799999998,72.807199400000002,Chowpatti Police Chowki,3.400000000000000,"-5",Police department,·,"D-1, Surat - Dumas Rd",,,https://maps.gstatic.com/consumer/images/icons/1x/ic_directions_gm_blue_24px.png,Directions
https://www.google.com/maps/place/Athwa+traffic+Police+Station/data=!4m7!3m6!1s0x3be04e7a020f204b:0x9477d600781c1158!8m2!3d21.186621!4d72.8102172!16s%2Fg%2F1q5bl_gfn!19sChIJSyAPAnpO4DsRWBEceADWd5Q?authuser=0&hl=en&rclk=1,21.186620999999999,72.810217199999997,Athwa traffic Police Station,4.500000000000000,"-8",Traffic police station,·,"5RP6+J3W, Ring Road, Navdi Bandar Rd",0261 246 3380,,https://maps.gstatic.com/consumer/images/icons/1x/ic_directions_gm_blue_24px.png,Directions
https://www.google.com/maps/place/Lal+Gate+Police+Station/data=!4m7!3m6!1s0x3be04e61d20f0eaf:0x36117c3f78b93944!8m2!3d21.1985533!4d72.8246449!16s%2Fg%2F11bw2gmxnr!19sChIJrw4P0mFO4DsRRDm5eD98ETY?authuser=0&hl=en&rclk=1,21.198553300000000,72.824644899999996,Lal Gate Police Station,4.500000000000000,"-2",Police station,·,"134, Chowk Bazar Rd",0261 240 2200,,https://maps.gstatic.com/consumer/images/icons/1x/ic_directions_gm_blue_24px.png,Directions
https://www.google.com/maps/place/Mahidharpura+Police+Station/data=!4m7!3m6!1s0x3be04e5f3341b01f:0x7b93223174895290!8m2!3d21.198337!4d72.833811!16s%2Fg%2F1tcznty6!19sChIJH7BBM19O4DsRkFKJdDEik3s?authuser=0&hl=en&rclk=1,21.199824300000000,72.841368099999997,Mahidharpura Police Station,3.800000000000000,"-36",Police station,·,"5RXM+8GM, Tower Rd",,Open 24 hours,https://maps.gstatic.com/consumer/images/icons/1x/ic_directions_gm_blue_24px.png,Directions
https://www.google.com/maps/place/Rustampura+Police+Choki/data=!4m7!3m6!1s0x3be04e5cc80221cb:0xf8085a2f7c3c53f5!8m2!3d21.1892073!4d72.8323402!16s%2Fg%2F11cs22x17x!19sChIJyyECyFxO4DsR9VM8fC9aCPg?authuser=0&hl=en&rclk=1,21.189207300000000,72.832340200000004,Rustampura Police Choki,4.600000000000000,"-9",Police station,·,"5RQJ+MWP, Hazrat Akbar Shahid Tekra",063911 19111,,https://maps.gstatic.com/consumer/images/icons/1x/ic_directions_gm_blue_24px.png,Directions
https://www.google.com/maps/place/Navapura+Police+Chowki/data=!4m7!3m6!1s0x3be04e5f1ddf9baf:0xabcd96cf0ba15c7d!8m2!3d21.1961284!4d72.8372597!16s%2Fg%2F1pzxpc3n8!19sChIJr5vfHV9O4DsRfVyhC8-Wzas?authuser=0&hl=en&rclk=1,36.797231300000000,-86.815063899999998,Navapura Police Chowki,,,Police station,·,"31, Tower Rd, near Police Chowki",0261 242 5916,,https://maps.gstatic.com/consumer/images/icons/1x/ic_directions_gm_blue_24px.png,Directions
https://www.google.com/maps/place/Salabatpura+Police+Station/data=!4m7!3m6!1s0x3be04e5b0304bd89:0x79bb65a49fd7b4f3!8m2!3d21.1914072!4d72.8361961!16s%2Fg%2F1hc1wk3lg!19sChIJib0EA1tO4DsR87TXn6Rlu3k?authuser=0&hl=en&rclk=1,21.191407200000000,72.836196099999995,Salabatpura Police Station,4.500000000000000,"-47",Police station,·,"5RRP+HF8, Salabatpura Main Rd, Opposite Circle",0261 232 4229,,https://maps.gstatic.com/consumer/images/icons/1x/ic_directions_gm_blue_24px.png,Directions
https://www.google.com/maps/place/Wireless+Police+Office/data=!4m7!3m6!1s0x3be04fdc9aa7e06f:0xa4b03afc4a288c3c!8m2!3d21.1781826!4d72.8018944!16s%2Fg%2F11dxdxmq2j!19sChIJb-CnmtxP4DsRPIwoSvw6sKQ?authuser=0&hl=en&rclk=1,36.797231300000000,-86.815063899999998,Wireless Police Office,,,Police department,·,"5RH2+7QC, Main Road, near Ichhanath Mahadev Temple",0261 266 9574,,https://maps.gstatic.com/consumer/images/icons/1x/ic_directions_gm_blue_24px.png,Directions
https://www.google.com/maps/place/Umra+Police+Station/data=!4m7!3m6!1s0x3be04ddf4fc016d9:0x138372f482408d38!8m2!3d21.1791634!4d72.8037521!16s%2Fg%2F1tpn10bl!19sChIJ2RbAT99N4DsROI1AgvRygxM?authuser=0&hl=en&rclk=1,36.797231300000000,-86.815063899999998,Umra Police Station,3.800000000000000,"-51",Police station,·,"5RH3+MG6, Maa Thakur Bhai Desai Marg, Near Police Pared Ground",·,Open 24 hours,https://maps.gstatic.com/consumer/images/icons/1x/ic_directions_gm_blue_24px.png,Directions
https://www.google.com/maps/place/Rander+Police+Station/data=!4m7!3m6!1s0x3be04e5f25561d8b:0x8f927cad0a804d5d!8m2!3d21.2063274!4d72.8375423!16s%2Fg%2F11j2xmdtkj!19sChIJix1WJV9O4DsRXU2ACq18ko8?authuser=0&hl=en&rclk=1,21.218879600000001,72.796075500000001,Rander Police Station,5.000000000000000,"-1",Justice department,·,"102, Lal Darwaja Station Rd",,Open now,https://maps.gstatic.com/consumer/images/icons/1x/ic_directions_gm_blue_24px.png,Directions
https://www.google.com/maps/place/Khatodara+Police+Station/data=!4m7!3m6!1s0x3be04e3f63520025:0x6a327c9f3e3ac1b8!8m2!3d21.1765573!4d72.8319385!16s%2Fg%2F124t4lr9g!19sChIJJQBSYz9O4DsRuME6Pp98Mmo?authuser=0&hl=en&rclk=1,21.176557299999999,72.831938500000007,Khatodara Police Station,4.100000000000000,"-47",Police station,·,"5RGJ+JQG, UM Rd, near Jogani Temple",Open 24 hours,·,https://www.gstatic.com/images/icons/material/system_gm/1x/public_gm_blue_24dp.png,Website
https://www.google.com/maps/place/Piplod+Police+Chowki/data=!4m7!3m6!1s0x3be04d933eec4ca5:0x988d1ce7a25e75b4!8m2!3d21.1651866!4d72.7809681!16s%2Fg%2F1tgfnlfs!19sChIJpUzsPpNN4DsRtHVeouccjZg?authuser=0&hl=en&rclk=1,21.165186599999998,72.780968099999996,Piplod Police Chowki,4.000000000000000,"-8",Police station,·,"4, Surat - Dumas Rd",,0261 225 4770,https://www.gstatic.com/images/icons/material/system_gm/1x/public_gm_blue_24dp.png,Website
https://www.google.com/maps/place/Variyali+Bazar+Police+Station/data=!4m7!3m6!1s0x3be04e8c7666c4f1:0xa2ae0651b2766613!8m2!3d21.2050207!4d72.823988!16s%2Fg%2F124sq39jb!19sChIJ8cRmdoxO4DsRE2Z2slEGrqI?authuser=0&hl=en&rclk=1,21.205020699999999,72.823988000000000,Variyali Bazar Police Station,4.000000000000000,"-20",Police department,·,"6R4F+2H5, Muglisara Main Rd",,,https://maps.gstatic.com/consumer/images/icons/1x/ic_directions_gm_blue_24px.png,Directions
https://www.google.com/maps/place/Shital+Police+Choki/data=!4m7!3m6!1s0x3be04e80bc35aae1:0x1424d82035000978!8m2!3d21.198496!4d72.807402!16s%2Fg%2F11cmszs761!19sChIJ4ao1vIBO4DsReAkANSDYJBQ?authuser=0&hl=en&rclk=1,36.797231300000000,-86.815063899999998,Shital Police Choki,2.000000000000000,"-1",Police department,·,"64, Rander Rd",,Open 24 hours,https://maps.gstatic.com/consumer/images/icons/1x/ic_directions_gm_blue_24px.png,Directions
https://www.google.com/maps/place/Lakkad+Kot+Police+Station/data=!4m7!3m6!1s0x3be04ef62ea0779b:0xc6a4b57cb41f51b3!8m2!3d21.2009033!4d72.8363687!16s%2Fg%2F1tczcc0j!19sChIJm3egLvZO4DsRs1EftHy1pMY?authuser=0&hl=en&rclk=1,21.200903300000000,72.836368699999994,Lakkad Kot Police Station,4.000000000000000,"-6",Police station,·,"6R2P+9G9, Lakkad Rd, Lakkad Khod, Mahindra Pur, Begampura",,,https://maps.gstatic.com/consumer/images/icons/1x/ic_directions_gm_blue_24px.png,Directions
https://www.google.com/maps/place/Ichhapore+Police+Station/data=!4m7!3m6!1s0x3be04e5f25561d8b:0xa5804586c2406caf!8m2!3d21.2063274!4d72.8375423!16s%2Fg%2F11h7rqyvlq!19sChIJix1WJV9O4DsRr2xAwoZFgKU?authuser=0&hl=en&rclk=1,21.193563600000001,72.728927200000001,Ichhapore Police Station,,,Police station,·,"102, Lal Darwaja Station Rd",,,https://maps.gstatic.com/consumer/images/icons/1x/ic_directions_gm_blue_24px.png,Directions
"https://www.google.com/maps/place/Commissioner+of+Police,+Surat/data=!4m7!3m6!1s0x3be04dd89b12b0e3:0x83aacccb388ee376!8m2!3d21.1814346!4d72.8040609!16s%2Fg%2F1td03htn!19sChIJ47ASm9hN4DsRduOOOMvMqoM?authuser=0&hl=en&rclk=1",21.170240100000001,72.831060699999995,"Commissioner of Police, Surat",4.000000000000000,"-120",Police department,·,"Commissioner of Police, Surat - Dumas Rd",Open,·,https://www.gstatic.com/images/icons/material/system_gm/1x/public_gm_blue_24dp.png,Website
https://www.google.com/maps/place/Adajan+Police+Station/data=!4m7!3m6!1s0x3be04dd226325767:0x958f8e414f22a267!8m2!3d21.1986043!4d72.7902106!16s%2Fg%2F1tczyzwl!19sChIJZ1cyJtJN4DsRZ6IiT0GOj5U?authuser=0&hl=en&rclk=1,21.198604300000000,72.790210599999995,Adajan Police Station,3.500000000000000,"-46",Police station,·,"5QXR+C3W, Chatrapati Shivaji Marg, Behind Gangeshwar mahadev temple",,0261 273 4100,https://www.gstatic.com/images/icons/material/system_gm/1x/public_gm_blue_24dp.png,Website
https://www.google.com/maps/place/Sangrampura+police+station/data=!4m7!3m6!1s0x3be04e46aaffffff:0xfc7fb1d0fba5721c!8m2!3d21.1827361!4d72.834008!16s%2Fg%2F11f4ldksxr!19sChIJ____qkZO4DsRHHKl-9Cxf_w?authuser=0&hl=en&rclk=1,25.143534800000001,74.890184099999999,Sangrampura police station,4.000000000000000,"-3",Police station,·,L-36,,,https://maps.gstatic.com/consumer/images/icons/1x/ic_directions_gm_blue_24px.png,Directions
https://www.google.com/maps/place/Adajan+Police+Station/data=!4m7!3m6!1s0x3be04d52ba95f1cf:0x5fd3ffe5bad69700!8m2!3d21.1905067!4d72.7945255!16s%2Fg%2F11fjqk28vx!19sChIJz_GVulJN4DsRAJfWuuX_018?authuser=0&hl=en&rclk=1,21.198604300000000,72.790210599999995,Adajan Police Station,4.500000000000000,"-19",Government office,·,"5QRV+6R2, beside CNG Pump",Open 24 hours,,https://www.gstatic.com/images/icons/material/system_gm/1x/public_gm_blue_24dp.png,Website
https://www.google.com/maps/place/Rander+Police+Station/data=!4m7!3m6!1s0x3be04c24c34c94fd:0x13d258eadb05e48!8m2!3d21.2134543!4d72.7970024!16s%2Fg%2F1tdm25sp!19sChIJ_ZRMwyRM4DsRSF6wrY4lPQE?authuser=0&hl=en&rclk=1,21.218879600000001,72.796075500000001,Rander Police Station,3.400000000000000,"-23",Police department,·,"6Q7W+9RJ, Rander Police Line",·,Open 24 hours,https://maps.gstatic.com/consumer/images/icons/1x/ic_directions_gm_blue_24px.png,Directions
https://www.google.com/maps/place/Rehmat+Nagar+Police+Station/data=!4m7!3m6!1s0x3be04e90e4013c5f:0x3abf3cf64c9f987c!8m2!3d21.2140869!4d72.8187343!16s%2Fg%2F11b5z1njxy!19sChIJXzwB5JBO4DsRfJifTPY8vzo?authuser=0&hl=en&rclk=1,21.214086900000002,72.818734300000003,Rehmat Nagar Police Station,5.000000000000000,"-1",Police station,·,"6R79+JFQ, Ved Rd",,,https://maps.gstatic.com/consumer/images/icons/1x/ic_directions_gm_blue_24px.png,Directions
https://www.google.com/maps/place/Udhna+Police+Station/data=!4m7!3m6!1s0x3be04e2d3c0457a5:0x3c82fb8a6ffe00a0!8m2!3d21.1654865!4d72.8508675!16s%2Fg%2F11ckvy65h3!19sChIJpVcEPC1O4DsRoAD-b4r7gjw?authuser=0&hl=en&rclk=1,21.165486500000000,72.850867500000007,Udhna Police Station,4.200000000000000,"-30",Police department,·,"5V82+58X, Rd No 1 MG Rd",·,Open 24 hours,https://maps.gstatic.com/consumer/images/icons/1x/ic_directions_gm_blue_24px.png,Directions
https://www.google.com/maps/place/Varachha+Police+Station/data=!4m7!3m6!1s0x3be04efdb96c5999:0x1b2c0b90e3f070fb!8m2!3d21.2093613!4d72.8495632!16s%2Fg%2F1tfk2x43!19sChIJmVlsuf1O4DsR-3Dw45ALLBs?authuser=0&hl=en&rclk=1,21.209361300000001,72.849563200000006,Varachha Police Station,4.000000000000000,"-69",Police station,·,"6R5X+PRW, Surat - Kamrej Hwy",Open 24 hours,·,https://www.gstatic.com/images/icons/material/system_gm/1x/public_gm_blue_24dp.png,Website
https://www.google.com/maps/place/Kapodra+Police+Station/data=!4m7!3m6!1s0x3be04f134af7f499:0xea60df5ee59be176!8m2!3d21.2206235!4d72.8755602!16s%2Fg%2F1tdjvg_t!19sChIJmfT3ShNP4DsRduGb5V7fYOo?authuser=0&hl=en&rclk=1,21.220623499999999,72.875560199999995,Kapodra Police Station,3.700000000000000,"-74",Police station,·,"Fire Station, Nana Varachha Roaykgituud, Varachha Main Rd",Open 24 hours,·,https://www.gstatic.com/images/icons/material/system_gm/1x/public_gm_blue_24dp.png,Website
https://www.google.com/maps/place/Police+Motor+Transport+Department/data=!4m7!3m6!1s0x3be04dd8da92bf79:0xfef688028ec5229b!8m2!3d21.1803807!4d72.8019309!16s%2Fg%2F11bbrbwd8s!19sChIJeb-S2thN4DsRmyLFjgKI9v4?authuser=0&hl=en&rclk=1,16.117515800000000,73.699904599999996,Police Motor Transport Department,3.000000000000000,"-1",Police department,·,"5RJ2+5Q3, Surat - Dumas Rd, Near Police Parade Ground",,,https://maps.gstatic.com/consumer/images/icons/1x/ic_directions_gm_blue_24px.png,Directions
https://www.google.com/maps/place/Rokadiya+Chowki/data=!4m7!3m6!1s0x3be04e42346fd44f:0xd2f485b72b4a3d95!8m2!3d21.1836971!4d72.8306986!16s%2Fg%2F1q62cytrl!19sChIJT9RvNEJO4DsRlT1KK7eF9NI?authuser=0&hl=en&rclk=1,21.183697100000000,72.830698600000005,Rokadiya Chowki,4.000000000000000,"-4",Traffic police station,·,"5RMJ+F7G, Udhna Darwaja Flyover",0261 236 5417,,https://maps.gstatic.com/consumer/images/icons/1x/ic_directions_gm_blue_24px.png,Directions
https://www.google.com/maps/place/Surat+Railway+Police+Station/data=!4m7!3m6!1s0x3be04ef9c8d4f3d9:0x75e07578f0ca2739!8m2!3d21.2038651!4d72.8402364!16s%2Fg%2F1pzrk8b3s!19sChIJ2fPUyPlO4DsROSfK8Hh14HU?authuser=0&hl=en&rclk=1,21.203865100000002,72.840236399999995,Surat Railway Police Station,3.800000000000000,"-22",Police station,·,"6R3R+G3X, Lambe Hanuman Road, Kodiyar Nagar Rd",,,https://www.gstatic.com/images/icons/material/system_gm/1x/public_gm_blue_24dp.png,Website
https://www.google.com/maps/place/Hidayat+Nagar+Police+Station/data=!4m7!3m6!1s0x3be04c38fabbf9b1:0xab348b2f0def3887!8m2!3d21.2100705!4d72.7829795!16s%2Fg%2F1txc5hjr!19sChIJsfm7-jhM4DsRhzjvDS-LNKs?authuser=0&hl=en&rclk=1,21.212722299999999,72.783461799999998,Hidayat Nagar Police Station,3.300000000000000,"-4",Police department,·,"34, Palanpur Rd",,,https://maps.gstatic.com/consumer/images/icons/1x/ic_directions_gm_blue_24px.png,Directions
https://www.google.com/maps/place/Ved+Road+Police+Station/data=!4m7!3m6!1s0x3be04e94277b6de3:0x51d6a0b49b40f188!8m2!3d21.2182248!4d72.8219833!16s%2Fg%2F124t5kfhr!19sChIJ4217J5RO4DsRiPFAm7Sg1lE?authuser=0&hl=en&rclk=1,21.218224800000002,72.821983299999999,Ved Road Police Station,3.900000000000000,"-29",Police station,·,"J.P. Nagar, 2, Ved Rd",Open 24 hours,,https://www.gstatic.com/images/icons/material/system_gm/1x/public_gm_blue_24dp.png,Website
https://www.google.com/maps/place/Police+Station/data=!4m7!3m6!1s0x3be04fd90d248bf3:0xff10010294b40a76!8m2!3d21.1616989!4d72.8669007!16s%2Fg%2F11bwh5fh08!19sChIJ84skDdlP4DsRdgq0lAIBEP8?authuser=0&hl=en&rclk=1,36.797231300000000,-86.815063899999998,Police Station,4.200000000000000,"-5",Police station,·,"5V68+MQC, Pohari",078790 30817,,https://maps.gstatic.com/consumer/images/icons/1x/ic_directions_gm_blue_24px.png,Directions
https://www.google.com/maps/place/Saurabh+Police+Choki/data=!4m7!3m6!1s0x3be04dcadf0f3933:0xe988e74c113980aa!8m2!3d21.1937569!4d72.7834431!16s%2Fg%2F1s04g3sg8!19sChIJMzkP38pN4DsRqoA5EUzniOk?authuser=0&hl=en&rclk=1,21.193756900000000,72.783443100000000,Saurabh Police Choki,4.700000000000000,"-7",Police station,·,"TGB Hotel Road, opp. Amrapali Shopping Centre",,,https://maps.gstatic.com/consumer/images/icons/1x/ic_directions_gm_blue_24px.png,Directions
https://www.google.com/maps/place/Limbayat+Police+Station/data=!4m7!3m6!1s0x3be04fcbd743fc59:0xd3db9f416a34a0a!8m2!3d21.1759924!4d72.8571211!16s%2Fg%2F1q2w9q42t!19sChIJWfxD18tP4DsRCkqjFvS5PQ0?authuser=0&hl=en&rclk=1,21.175992399999998,72.857121100000001,Limbayat Police Station,3.200000000000000,"-60",Police station,·,"Health Center, Rustam Bagh Rd",Open 24 hours,·,https://www.gstatic.com/images/icons/material/system_gm/1x/public_gm_blue_24dp.png,Website
https://www.google.com/maps/place/Pandesara+Police+Station/data=!4m7!3m6!1s0x3be051cff4f4c63f:0x1a2723bb970385d!8m2!3d21.1418938!4d72.8400055!16s%2Fg%2F1q62f6b4b!19sChIJP8b09M9R4DsRXThwuTtyogE?authuser=0&hl=en&rclk=1,21.150257600000000,72.824960700000005,Pandesara Police Station,4.000000000000000,"-39",Police station,·,"4RRR+Q22, GIDC Main Rd",0261 289 0200,,https://maps.gstatic.com/consumer/images/icons/1x/ic_directions_gm_blue_24px.png,Directions
https://www.google.com/maps/place/Fulpada+police+station/data=!4m7!3m6!1s0x3be04edd5edc9baf:0x76ee0a522513856!8m2!3d21.2241973!4d72.8409357!16s%2Fg%2F11g6bjx65w!19sChIJr5vcXt1O4DsRVjhRIqXgbgc?authuser=0&hl=en&rclk=1,21.224197300000000,72.840935700000003,Fulpada police station,3.000000000000000,"-2",Traffic police station,·,6RFR+M9F,Open 24 hours,,https://www.gstatic.com/images/icons/material/system_gm/1x/public_gm_blue_24dp.png,Website
https://www.google.com/maps/place/Universal+Chowk-Traffic+Police+Chowki/data=!4m7!3m6!1s0x3be04e4ff192ecaf:0x1cd9dba84fd22824!8m2!3d21.188315!4d72.8403706!16s%2Fg%2F1q2vxfl89!19sChIJr-yS8U9O4DsRJCjST6jb2Rw?authuser=0&hl=en&rclk=1,21.188314999999999,72.840370600000000,Universal Chowk-Traffic Police Chowki,3.700000000000000,"-3",Police station,·,"Ring Road, Textile Zone Sector-2, Traffic Branch, Jay Prakash Narayan Marg",082382 66699,,https://maps.gstatic.com/consumer/images/icons/1x/ic_directions_gm_blue_24px.png,Directions
https://www.google.com/maps/place/Nana+Varachha+Police+Station/data=!4m7!3m6!1s0x3be04f67b72385f7:0x6c9b7deda6bb0c81!8m2!3d21.2266724!4d72.8887681!16s%2Fg%2F1q5gqggkn!19sChIJ94Ujt2dP4DsRgQy7pu19m2w?authuser=0&hl=en&rclk=1,21.226672400000002,72.888768099999993,Nana Varachha Police Station,3.500000000000000,"-11",Police station,·,"6VGQ+MG6, Varachha Main Rd",0261 257 7579,,https://maps.gstatic.com/consumer/images/icons/1x/ic_directions_gm_blue_24px.png,Directions
https://www.google.com/maps/place/Rahmat+Nagar+Police+Chowki/data=!4m7!3m6!1s0x3be04e97d2a9e005:0x3f25a6e2ce3a4e1a!8m2!3d21.2161979!4d72.8195061!16s%2Fg%2F1q64dbxpk!19sChIJBeCp0pdO4DsRGk46zuKmJT8?authuser=0&hl=en&rclk=1,21.216197900000001,72.819506099999998,Rahmat Nagar Police Chowki,5.000000000000000,"-1",Police station,·,"6R89+FRC, Pandol Ved Road",,Open,https://maps.gstatic.com/consumer/images/icons/1x/ic_directions_gm_blue_24px.png,Directions
https://www.google.com/maps/place/SAIYADPURA+POLICE+CHOWKI/data=!4m7!3m6!1s0x3be04f0519d83bb1:0x2ed0b8339d97630d!8m2!3d21.2068201!4d72.8258492!16s%2Fg%2F11lllvz27l!19sChIJsTvYGQVP4DsRDWOXnTO40C4?authuser=0&hl=en&rclk=1,21.206820100000002,72.825849199999993,SAIYADPURA POLICE CHOWKI,,,Government office,·,6R4G+P8H,,Open now,https://maps.gstatic.com/consumer/images/icons/1x/ic_directions_gm_blue_24px.png,Directions
https://www.google.com/maps/place/Katargam+Police+Station/data=!4m7!3m6!1s0x3be04ec1fd7d692f:0x9ed85a4e66cdfeaf!8m2!3d21.2167968!4d72.830479!16s%2Fg%2F1td46f96!19sChIJL2l9_cFO4DsRr_7NZk5a2J4?authuser=0&hl=en&rclk=1,21.226620499999999,72.831238299999995,Katargam Police Station,4.100000000000000,"-93",Police station,·,"Katargam Rd, beside Cooperative bank",·,Open 24 hours,https://maps.gstatic.com/consumer/images/icons/1x/ic_directions_gm_blue_24px.png,Directions
https://www.google.com/maps/place/Jamna+Nagar+Police+Choki/data=!4m7!3m6!1s0x3be04dfb420ad4d7:0xe07f54f786b03b04!8m2!3d21.1603682!4d72.7973548!16s%2Fg%2F124yj0wqs!19sChIJ19QKQvtN4DsRBDuwhvdUf-A?authuser=0&hl=en&rclk=1,21.160368200000001,72.797354799999994,Jamna Nagar Police Choki,3.500000000000000,"-4",Police station,·,"5Q6W+4WX, Udhana - Magdalla Rd, Near Anuvrat Gate",,,https://maps.gstatic.com/consumer/images/icons/1x/ic_directions_gm_blue_24px.png,Directions
https://www.google.com/maps/place/Old+Katargam+Police+Station/data=!4m7!3m6!1s0x3be04f4e6643aa99:0xad30e92a1fb70f8!8m2!3d21.2233216!4d72.8332038!16s%2Fg%2F11t2z2s0fp!19sChIJmapDZk5P4DsR-HD7oZIO0wo?authuser=0&hl=en&rclk=1,21.223321599999998,72.833203800000007,Old Katargam Police Station,,,Government office,·,"615, Luhar St",,Open now,https://maps.gstatic.com/consumer/images/icons/1x/ic_directions_gm_blue_24px.png,Directions
https://www.google.com/maps/place/Mann+Darwaja+Police+Station/data=!4m7!3m6!1s0x3be04e45ca035f5d:0xfca004be30de7428!8m2!3d21.184489!4d72.8372705!16s%2Fg%2F1tmqk7dq!19sChIJXV8DykVO4DsRKHTeML4EoPw?authuser=0&hl=en&rclk=1,21.184488999999999,72.837270500000002,Mann Darwaja Police Station,,,Police,·,"No.13, 80 Feet Rd",0261 232 4229,,https://maps.gstatic.com/consumer/images/icons/1x/ic_directions_gm_blue_24px.png,Directions
https://www.google.com/maps/place/Bhatha+Police+Chawky/data=!4m7!3m6!1s0x3be04da92392c111:0xead57091d9ff7985!8m2!3d21.1849091!4d72.7614542!16s%2Fg%2F11f_pr2kbb!19sChIJEcGSI6lN4DsRhXn_2ZFw1eo?authuser=0&hl=en&rclk=1,21.184909099999999,72.761454200000003,Bhatha Police Chawky,4.600000000000000,"-5",Traffic police station,·,"H.No.520, Opp.State Bank Of India, At.Post, Hazira Rd",,,https://maps.gstatic.com/consumer/images/icons/1x/ic_directions_gm_blue_24px.png,Directions
"https://www.google.com/maps/place/Subhashbaug+Police+Chowki,+Jahangirpura+Police+Station/data=!4m7!3m6!1s0x3be04d7b5cf925e7:0xaac76c30eb5fc3ba!8m2!3d21.2310487!4d72.7905738!16s%2Fg%2F11tfv2zdtc!19sChIJ5yX5XHtN4DsRusNf6zBsx6o?authuser=0&hl=en&rclk=1",21.231048699999999,72.790573800000004,"Subhashbaug Police Chowki, Jahangirpura Police Station",,,Government office,·,"6QJR+C68, GJ SH 6",,,https://maps.gstatic.com/consumer/images/icons/1x/ic_directions_gm_blue_24px.png,Directions
https://www.google.com/maps/place/Chowk+Bazar+Police+Station/data=!4m7!3m6!1s0x3be04e8b49edbf49:0x9897af85553df73f!8m2!3d21.204077!4d72.8274481!16s%2Fg%2F11f3jw4dw6!19sChIJSb_tSYtO4DsRP_c9VYWvl5g?authuser=0&hl=en&rclk=1,21.204077000000002,72.827448099999998,Chowk Bazar Police Station,4.300000000000000,"-9",Civil police,·,6R3G+JXP,,0261 242 4185,https://www.gstatic.com/images/icons/material/system_gm/1x/public_gm_blue_24dp.png,Website
https://www.google.com/maps/place/Dumas+Police+Station/data=!4m7!3m6!1s0x3be1acd565617baf:0x6d310653f8ff5e64!8m2!3d21.0940752!4d72.7076127!16s%2Fg%2F11bz07rrgj!19sChIJr3thZdWs4TsRZF7_-FMGMW0?authuser=0&hl=en&rclk=1,21.094075199999999,72.707612699999999,Dumas Police Station,3.600000000000000,"-13",Police department,·,3PV5+J2Q,0261 225 1010,,https://maps.gstatic.com/consumer/images/icons/1x/ic_directions_gm_blue_24px.png,Directions
https://www.google.com/maps/place/Keshavnagar+Police+Chowki+Model+Town/data=!4m7!3m6!1s0x3be04fb05597da4f:0xcd1b9d53f2d0b298!8m2!3d21.1886589!4d72.8606485!16s%2Fg%2F11cm0bd4w8!19sChIJT9qXVbBP4DsRmLLQ8lOdG80?authuser=0&hl=en&rclk=1,21.188658900000000,72.860648499999996,Keshavnagar Police Chowki Model Town,4.300000000000000,"-3",Police department,·,"395002, Nr.Model Town, Dumbhal Rd",,,https://maps.gstatic.com/consumer/images/icons/1x/ic_directions_gm_blue_24px.png,Directions
https://www.google.com/maps/place/Dindoli+Police+Station./data=!4m7!3m6!1s0x3be05020d660ae41:0xa001bac57db0ea32!8m2!3d21.1434139!4d72.8807413!16s%2Fg%2F11cmym0scl!19sChIJQa5g1iBQ4DsRMuqwfcW6AaA?authuser=0&hl=en&rclk=1,21.143413899999999,72.880741299999997,Dindoli Police Station.,3.100000000000000,"-60",Police station,·,"YOGESHWAR PARK, Dindoli Rd",,Open 24 hours,https://maps.gstatic.com/consumer/images/icons/1x/ic_directions_gm_blue_24px.png,Directions
https://www.google.com/maps/place/Mahidharpura+police+station/data=!4m7!3m6!1s0x3be04fbc0049a4e5:0xb8e429550656ada3!8m2!3d21.1998243!4d72.8413681!16s%2Fg%2F11sq20q_lq!19sChIJ5aRJALxP4DsRo61WBlUp5Lg?authuser=0&hl=en&rclk=1,21.199824300000000,72.841368099999997,Mahidharpura police station,,,State police,·,5RXR+WGH,,Open 24 hours,https://maps.gstatic.com/consumer/images/icons/1x/ic_directions_gm_blue_24px.png,Directions
https://www.google.com/maps/place/Athwa+Police+Line+Quarters/data=!4m7!3m6!1s0x3be04dd878a5d9ed:0xe5a532d42f4c3ea2!8m2!3d21.1831138!4d72.8042554!16s%2Fg%2F11hb2bnxr4!19sChIJ7dmleNhN4DsRoj5ML9QypeU?authuser=0&hl=en&rclk=1,21.183113800000001,72.804255400000002,Athwa Police Line Quarters,5.000000000000000,"-1",Tribal headquarters,·,5RM3+6PR,,Open now,https://maps.gstatic.com/consumer/images/icons/1x/ic_directions_gm_blue_24px.png,Directions
https://www.google.com/maps/place/Puna+Police+Station/data=!4m7!3m6!1s0x3be04fbc52049139:0xe7267435d68624b7!8m2!3d21.1892135!4d72.8720382!16s%2Fg%2F1tf063rj!19sChIJOZEEUrxP4DsRtySG1jV0Juc?authuser=0&hl=en&rclk=1,36.797231300000000,-86.815063899999998,Puna Police Station,3.500000000000000,"-36",Police station,·,"5VQC+MRM, Puna Kumbhoriya Road, Surat - Bardoli Rd",Open 24 hours,·,https://www.gstatic.com/images/icons/material/system_gm/1x/public_gm_blue_24dp.png,Website
https://www.google.com/maps/place/Police%27station/data=!4m7!3m6!1s0x3be04f5beb7a438b:0xb18760566bda561a!8m2!3d21.1904686!4d72.8445663!16s%2Fg%2F11t44z8x8d!19sChIJi0N661tP4DsRGlbaa1Zgh7E?authuser=0&hl=en&rclk=1,36.797231300000000,-86.815063899999998,Police'station,,,Civil police,·,5RRV+5RP,,,https://maps.gstatic.com/consumer/images/icons/1x/ic_directions_gm_blue_24px.png,Directions
https://www.google.com/maps/place/Cyber+Crime+Police+Station/data=!4m7!3m6!1s0x3be052195d7221a1:0x92f73e996cdd7c65!8m2!3d21.1812102!4d72.8019452!16s%2Fg%2F11c3v6zp6s!19sChIJoSFyXRlS4DsRZXzdbJk-95I?authuser=0&hl=en&rclk=1,26.198683599999999,32.048764200000001,Cyber Crime Police Station,2.700000000000000,"-39",Police department,·,"1st Floor, Old Head Quarter, near Ichchhanath Mahadev Mandir",,Open,https://maps.gstatic.com/consumer/images/icons/1x/ic_directions_gm_blue_24px.png,Directions
https://www.google.com/maps/place/Police+chowki/data=!4m7!3m6!1s0x3be04f4e5397b0bb:0xc3cda194e24942cd!8m2!3d21.2431466!4d72.8845122!16s%2Fg%2F1tdh6xqw!19sChIJu7CXU05P4DsRzUJJ4pShzcM?authuser=0&hl=en&rclk=1,-33.061586200000001,-71.444843100000000,Police chowki,4.200000000000000,"-13",Sheriff's department,,,,Open,https://maps.gstatic.com/consumer/images/icons/1x/ic_directions_gm_blue_24px.png,Directions
https://www.google.com/maps/place/Lambe+Hanuman+Police+Station/data=!4m7!3m6!1s0x3be04f1bae0cc391:0xb02a46613b15f906!8m2!3d21.2045591!4d72.8446936!16s%2Fg%2F11pdqtn7mc!19sChIJkcMMrhtP4DsRBvkVO2FGKrA?authuser=0&hl=en&rclk=1,21.204559100000001,72.844693599999999,Lambe Hanuman Police Station,,,Government office,·,6R3V+RVG,,Open now,https://maps.gstatic.com/consumer/images/icons/1x/ic_directions_gm_blue_24px.png,Directions
https://www.google.com/maps/place/Vesu+Police+Station/data=!4m7!3m6!1s0x3be04d39f6cda987:0x932af78ac6c2c0f3!8m2!3d21.1666166!4d72.8028913!16s%2Fg%2F11s94h5yxg!19sChIJh6nN9jlN4DsR88DCxor3KpM?authuser=0&hl=en&rclk=1,21.141776100000001,72.770941500000006,Vesu Police Station,4.500000000000000,"-2",State police,·,"G 49 vip plaza panas, Vesu Canal Rd",,Open 24 hours,https://maps.gstatic.com/consumer/images/icons/1x/ic_directions_gm_blue_24px.png,Directions
https://www.google.com/maps/place/Surat+City+Traffic+Udhana+Branch/data=!4m7!3m6!1s0x3be04e42346f535f:0xa05ffa060f47f801!8m2!3d21.183714!4d72.8306369!16s%2Fg%2F1260zr0vk!19sChIJX1NvNEJO4DsRAfhHDwb6X6A?authuser=0&hl=en&rclk=1,21.183713999999998,72.830636900000002,Surat City Traffic Udhana Branch,2.500000000000000,"-4",Police department,·,"5RMJ+F7J, Surat City Traffic Udhana Branch, Jay Prakash Narayan Marg",·,Open,https://maps.gstatic.com/consumer/images/icons/1x/ic_directions_gm_blue_24px.png,Directions
"https://www.google.com/maps/place/Railway+Protection+Force,+Udhna/data=!4m7!3m6!1s0x3be04fcd1e140001:0x56da7e3494abc138!8m2!3d21.1704396!4d72.8533249!16s%2Fg%2F11sscs7qcb!19sChIJAQAUHs1P4DsROMGrlDR-2lY?authuser=0&hl=en&rclk=1",21.170439600000002,72.853324900000004,"Railway Protection Force, Udhna",,,Police department,·,5VC3+58G,,,https://maps.gstatic.com/consumer/images/icons/1x/ic_directions_gm_blue_24px.png,Directions
https://www.google.com/maps/place/Police+Chowki+-+Unn/data=!4m7!3m6!1s0x3be05057b95a1a51:0xaa2c9e6812546b91!8m2!3d21.1135716!4d72.8609285!16s%2Fg%2F1q5hr6brx!19sChIJURpauVdQ4DsRkWtUEmieLKo?authuser=0&hl=en&rclk=1,6.866602000000000,7.411526300000000,Police Chowki - Unn,4.000000000000000,"-3",Police station,·,"108, Tirupati Nagar Main Rd",,Open,https://maps.gstatic.com/consumer/images/icons/1x/ic_directions_gm_blue_24px.png,Directions
https://www.google.com/maps/place/Icchapore+Police+Station/data=!4m7!3m6!1s0x3be04d2ab6489dc1:0xa40f4c4ea16b8ecb!8m2!3d21.1859436!4d72.7102245!16s%2Fg%2F11c0t44zd6!19sChIJwZ1ItipN4DsRy45roU5MD6Q?authuser=0&hl=en&rclk=1,21.185943600000002,72.710224499999995,Icchapore Police Station,3.900000000000000,"-19",Police station,·,"5PP6+93H, Hazira - Adajan Road, Kavas",0261 286 0197,,https://maps.gstatic.com/consumer/images/icons/1x/ic_directions_gm_blue_24px.png,Directions
https://www.google.com/maps/place/Chhaprabhatha+Police+station/data=!4m7!3m6!1s0x3be049cc65386d01:0x4e67080d70a8b516!8m2!3d21.2504738!4d72.8554152!16s%2Fg%2F11rsslk6k3!19sChIJAW04ZcxJ4DsRFrWocA0IZ04?authuser=0&hl=en&rclk=1,21.250473800000002,72.855415199999996,Chhaprabhatha Police station,4.000000000000000,"-3",Government office,·,336 h4 aavas,,Open now,https://maps.gstatic.com/consumer/images/icons/1x/ic_directions_gm_blue_24px.png,Directions
"https://www.google.com/maps/place/Patel+Nagar+Police+Choky,+Udhna+Police+Station/data=!4m7!3m6!1s0x3be04e25cc81e077:0x3ec52aebf7bc8ce7!8m2!3d21.1613447!4d72.8351035!16s%2Fg%2F11c31rl1tb!19sChIJd-CBzCVO4DsR54y89-sqxT4?authuser=0&hl=en&rclk=1",21.161344700000001,72.835103500000002,"Patel Nagar Police Choky, Udhna Police Station",3.500000000000000,"-2",Civil police,·,"5R6P+G2Q, Asha Nagar 2nd Rd",,Open 24 hours,https://maps.gstatic.com/consumer/images/icons/1x/ic_directions_gm_blue_24px.png,Directions
https://www.google.com/maps/place/Anjana+Police+Chowki/data=!4m7!3m6!1s0x3be04fbc26f6bd79:0xb76b0022df0caa0a!8m2!3d21.1847259!4d72.8504548!16s%2Fg%2F11p12l6nbw!19sChIJeb32JrxP4DsRCqoM3yIAa7c?authuser=0&hl=en&rclk=1,21.184725900000000,72.850454799999994,Anjana Police Chowki,5.000000000000000,"-2",Government office,·,Mithi Khadi Rd,·,Open 24 hours,https://maps.gstatic.com/consumer/images/icons/1x/ic_directions_gm_blue_24px.png,Directions
https://www.google.com/maps/place/Sachin+Police+Station/data=!4m7!3m6!1s0x3be050bdd33bbac3:0x3b08630f82ebc9c3!8m2!3d21.0873901!4d72.8815754!16s%2Fg%2F12334bqqh!19sChIJw7o7071Q4DsRw8nrgg9jCDs?authuser=0&hl=en&rclk=1,21.087390100000000,72.881575400000003,Sachin Police Station,3.500000000000000,"-28",State police,·,"3VPJ+XJ4, Surat - Navsari Rd",0261 239 2258,,https://maps.gstatic.com/consumer/images/icons/1x/ic_directions_gm_blue_24px.png,Directions
https://www.google.com/maps/place/GIDC+Sachin+Police+Station/data=!4m7!3m6!1s0x3be050f017e7505b:0x64c00b4b67f10ccd!8m2!3d21.1008928!4d72.8640896!16s%2Fg%2F1hjhb6yvs!19sChIJW1DnF_BQ4DsRzQzxZ0sLwGQ?authuser=0&hl=en&rclk=1,21.100892800000000,72.864089600000000,GIDC Sachin Police Station,3.100000000000000,"-23",Police department,·,4V27+9J4,,,https://maps.gstatic.com/consumer/images/icons/1x/ic_directions_gm_blue_24px.png,Directions
https://www.google.com/maps/place/Godadara+Gam+police+chowki/data=!4m7!3m6!1s0x3be04f19a75c160f:0xcb3c5fe1e134201b!8m2!3d21.1720928!4d72.8794619!16s%2Fg%2F11nx662dxf!19sChIJDxZcpxlP4DsRGyA04eFfPMs?authuser=0&hl=en&rclk=1,21.163142300000001,72.879609099999996,Godadara Gam police chowki,,,Government office,·,"5VCH+RQP, Unnamed Road",,Open 24 hours,https://maps.gstatic.com/consumer/images/icons/1x/ic_directions_gm_blue_24px.png,Directions
https://www.google.com/maps/place/Kathor+Police+Station/data=!4m7!3m6!1s0x3be0465a4bb27df1:0x3243258a1471e561!8m2!3d21.289181!4d72.9384782!16s%2Fg%2F11c2k38bwy!19sChIJ8X2yS1pG4DsRYeVxFIolQzI?authuser=0&hl=en&rclk=1,21.289180999999999,72.938478200000006,Kathor Police Station,4.400000000000001,"-5",Traffic police station,·,7WQQ+M9H,02621 252 094,,https://maps.gstatic.com/consumer/images/icons/1x/ic_directions_gm_blue_24px.png,Directions
https://www.google.com/maps/place/Laskana+Police+Chowki/data=!4m7!3m6!1s0x3be045ddc2813b1d:0x314fc54e457d9fe4!8m2!3d21.2490553!4d72.9239289!16s%2Fg%2F11b8_p7_rw!19sChIJHTuBwt1F4DsR5J99RU7FTzE?authuser=0&hl=en&rclk=1,21.252140799999999,72.929429299999995,Laskana Police Chowki,3.800000000000000,"-24",Police department,·,6WXF+JHF,,Open 24 hours,https://maps.gstatic.com/consumer/images/icons/1x/ic_directions_gm_blue_24px.png,Directions
https://www.google.com/maps/place/Kadodra+Police+Station/data=!4m7!3m6!1s0x3be044cc797a6d25:0xef8b8406007f5932!8m2!3d21.1710007!4d72.963062!16s%2Fg%2F1v9tyc5j!19sChIJJW16ecxE4DsRMll_AAaEi-8?authuser=0&hl=en&rclk=1,21.171703500000000,72.962671000000000,Kadodra Police Station,2.900000000000000,"-27",Police station,·,"5XC7+C63, Ahmedabad Bombay Highway Near Lakdawala Market",,,https://maps.gstatic.com/consumer/images/icons/1x/ic_directions_gm_blue_24px.png,Directions
https://www.google.com/maps/place/Traffic+Police+Chowky/data=!4m7!3m6!1s0x3be04bf40507d6bf:0xe5ab22ceba92a043!8m2!3d21.2465714!4d72.7860304!16s%2Fg%2F1hm3f3l88!19sChIJv9YHBfRL4DsRQ6CSus4iq-U?authuser=0&hl=en&rclk=1,36.797231300000000,-86.815063899999998,Traffic Police Chowky,1.000000000000000,"-1",Police department,·,6QWP+JCC,,,https://maps.gstatic.com/consumer/images/icons/1x/ic_directions_gm_blue_24px.png,Directions
https://www.google.com/maps/place/Althan+Police+Station/data=!4m7!3m6!1s0x3be04e0419f66747:0x467f21195361dad4!8m2!3d21.1585311!4d72.8108636!16s%2Fg%2F11gxsr7d46!19sChIJR2f2GQRO4DsR1NphUxkhf0Y?authuser=0&hl=en&rclk=1,21.155780600000000,72.809171500000005,Althan Police Station,3.600000000000000,"-7",Bus station,,,,,https://maps.gstatic.com/consumer/images/icons/1x/ic_directions_gm_blue_24px.png,Directions
https://www.google.com/maps/place/Godadara+police+station/data=!4m7!3m6!1s0x3be04f96d0d12ad1:0xc5154978704cdfd2!8m2!3d21.1683932!4d72.8709871!16s%2Fg%2F11qpv0_nrs!19sChIJ0SrR0JZP4DsR0t9McHhJFcU?authuser=0&hl=en&rclk=1,21.168393200000001,72.870987099999994,Godadara police station,4.000000000000000,"-8",Civil police,·,"44, Shirdidham Dakkhan Road",,,https://maps.gstatic.com/consumer/images/icons/1x/ic_directions_gm_blue_24px.png,Directions
https://www.google.com/maps/place/Mora+Police+Choki/data=!4m7!3m6!1s0x3be1b2545a1287ff:0x363aae5e3244dfde!8m2!3d21.1785664!4d72.6586456!16s%2Fg%2F11f122ylh9!19sChIJ_4cSWlSy4TsR3t9EMl6uOjY?authuser=0&hl=en&rclk=1,21.178566400000001,72.658645600000000,Mora Police Choki,4.200000000000000,"-5",Traffic police station,·,5MH5+CFC,,,https://maps.gstatic.com/consumer/images/icons/1x/ic_directions_gm_blue_24px.png,Directions
https://www.google.com/maps/place/Althan+Police+Station/data=!4m7!3m6!1s0x3be04d1e17f7b70b:0xc98c79283d394d42!8m2!3d21.1502097!4d72.7962623!16s%2Fg%2F11sbds3hw9!19sChIJC7f3Fx5N4DsRQk05PSh5jMk?authuser=0&hl=en&rclk=1,21.158531100000001,72.810863600000005,Althan Police Station,,,Police academy,·,"16, Ashirwad Villa Society, New City Light Rd, near St. Thomas School",,,https://maps.gstatic.com/consumer/images/icons/1x/ic_directions_gm_blue_24px.png,Directions
https://www.google.com/maps/place/District+Sub+Jail/data=!4m7!3m6!1s0x3be04e6a74555555:0xec31e7e010f8becb!8m2!3d21.1806409!4d72.8277303!16s%2Fg%2F11txmz726r!19sChIJVVVVdGpO4DsRy774EODnMew?authuser=0&hl=en&rclk=1,36.797231300000000,-86.815063899999998,District Sub Jail,,,Police department,·,"5RJH+735, GJ SH 6",,,https://maps.gstatic.com/consumer/images/icons/1x/ic_directions_gm_blue_24px.png,Directions
https://www.google.com/maps/place/Paliwal+Police+Chowky/data=!4m7!3m6!1s0x3be050e63e1ba941:0xc303e4df35b532fd!8m2!3d21.0920741!4d72.8622924!16s%2Fg%2F11bw65vw2w!19sChIJQakbPuZQ4DsR_TK1Nd_kA8M?authuser=0&hl=en&rclk=1,21.092074100000001,72.862292400000001,Paliwal Police Chowky,2.400000000000000,"-5",Police station,·,"3VR6+RWF, Rd Number 6",,,https://maps.gstatic.com/consumer/images/icons/1x/ic_directions_gm_blue_24px.png,Directions
https://www.google.com/maps/place/Police+Line/data=!4m7!3m6!1s0x3be04dd83ff610b3:0x9c258a92a5d02c66!8m2!3d21.1833465!4d72.8035411!16s%2Fg%2F1jky7mgyt!19sChIJsxD2P9hN4DsRZizQpZKKJZw?authuser=0&hl=en&rclk=1,36.797231300000000,-86.815063899999998,Police Line,,,Athwa,"Surat, Gujarat",,,,https://maps.gstatic.com/consumer/images/icons/1x/ic_directions_gm_blue_24px.png,Directions
https://www.google.com/maps/place/Jahangirpura+Police+Station/data=!4m7!3m6!1s0x3be04c176e0cfa6d:0xdc9a0a596256915a!8m2!3d21.2224317!4d72.7914639!16s%2Fg%2F11c60ylsgs!19sChIJbfoMbhdM4DsRWpFWYlkKmtw?authuser=0&hl=en&rclk=1,21.222431700000001,72.791463899999997,Jahangirpura Police Station,4.300000000000000,"-6",State police,·,"1/2, Gymkhana Rd",,,https://maps.gstatic.com/consumer/images/icons/1x/ic_directions_gm_blue_24px.png,Directions
https://www.google.com/maps/place/Singanpore+Police+Station/data=!4m7!3m6!1s0x3be04f359b9c9f6b:0x5f738092b2324f8b!8m2!3d21.2253836!4d72.8050635!16s%2Fg%2F11ql6fqv0f!19sChIJa5-cmzVP4DsRi08yspKAc18?authuser=0&hl=en&rclk=1,36.797231300000000,-86.815063899999998,Singanpore Police Station,3.700000000000000,"-3",State police,·,6RG4+524,,,https://maps.gstatic.com/consumer/images/icons/1x/ic_directions_gm_blue_24px.png,Directions
https://www.google.com/maps/place/Vadod+Police+Choki/data=!4m7!3m6!1s0x3be051d35cb106d1:0x64f0c0ac08a5b934!8m2!3d21.1235513!4d72.8351854!16s%2Fg%2F11gtzcqbqn!19sChIJ0QaxXNNR4DsRNLmlCKzA8GQ?authuser=0&hl=en&rclk=1,21.123551299999999,72.835185400000000,Vadod Police Choki,,,Sheriff's department,·,4RFP+C3F,,,https://maps.gstatic.com/consumer/images/icons/1x/ic_directions_gm_blue_24px.png,Directions
https://www.google.com/maps/place/Olpad+Police+Station/data=!4m7!3m6!1s0x3be04a80340fb471:0xd586979dc98e66a3!8m2!3d21.3372955!4d72.7511842!16s%2Fg%2F1hjgj6bl5!19sChIJcbQPNIBK4DsRo2aOyZ2XhtU?authuser=0&hl=en&rclk=1,21.337295500000000,72.751184199999997,Olpad Police Station,3.900000000000000,"-9",Police station,·,"8QP2+WF7, Olpad Rd",·,Open 24 hours,https://maps.gstatic.com/consumer/images/icons/1x/ic_directions_gm_blue_24px.png,Directions
https://www.google.com/maps/place/DCB+Cyber+cell/data=!4m7!3m6!1s0x3be04dfde38266d3:0x7cd3998aa6e0815d!8m2!3d21.1804534!4d72.8007943!16s%2Fg%2F11nf_1v_s6!19sChIJ02aC4_1N4DsRXYHgpoqZ03w?authuser=0&hl=en&rclk=1,21.180453400000001,72.800794300000007,DCB Cyber cell,,,Sheriff's department,·,"M-2, Surat - Dumas Rd",,,https://maps.gstatic.com/consumer/images/icons/1x/ic_directions_gm_blue_24px.png,Directions
https://www.google.com/maps/place/Bhatena+Police+Chowki/data=!4m7!3m6!1s0x3be04fcacbfb0907:0xf3d72beeaf57f4de!8m2!3d21.1699958!4d72.8423637!16s%2Fg%2F11f8jv05j7!19sChIJBwn7y8pP4DsR3vRXr-4r1_M?authuser=0&hl=en&rclk=1,21.169995799999999,72.842363700000007,Bhatena Police Chowki,,,Civil police,·,"5R9R+XWX, Unnamed Road",,,https://maps.gstatic.com/consumer/images/icons/1x/ic_directions_gm_blue_24px.png,Directions
https://www.google.com/maps/place/Marine+Police+Station/data=!4m7!3m6!1s0x3be1b27d49a3aab7:0xa4b19363d93b2f1a!8m2!3d21.0965389!4d72.65086!16s%2Fg%2F1txnmxzl!19sChIJt6qjSX2y4TsRGi872WOTsaQ?authuser=0&hl=en&rclk=1,37.010050300000003,35.313330700000002,Marine Police Station,3.600000000000000,"-10",Police station,·,"3MW2+J89, Essar Road, Surat District Near VTS",,,https://www.gstatic.com/images/icons/material/system_gm/1x/public_gm_blue_24dp.png,Website
https://www.google.com/maps/place/Utran+Police+Station/data=!4m7!3m6!1s0x3be04fb9ce39df61:0xde206132c19aa470!8m2!3d21.2296454!4d72.8547807!16s%2Fg%2F11t76pp011!19sChIJYd85zrlP4DsRcKSawTJhIN4?authuser=0&hl=en&rclk=1,21.229645399999999,72.854780700000006,Utran Police Station,5.000000000000000,"-7",State police,·,"6VH3+VW2, Utran Police Station, Rajput Faliyu, Utran Gam",,,https://maps.gstatic.com/consumer/images/icons/1x/ic_directions_gm_blue_24px.png,Directions
https://www.google.com/maps/place/Palsana+Police+Station/data=!4m7!3m6!1s0x3be05bf978a55ccd:0xc0abe1e5378b72db!8m2!3d21.086292!4d72.9878104!16s%2Fg%2F1vs1qb21!19sChIJzVylePlb4DsR23KLN-Xhq8A?authuser=0&hl=en&rclk=1,21.086292000000000,72.987810400000001,Palsana Police Station,3.200000000000000,"-15",Police department,·,"Nr.Silicon Township, Chalthan canal, N.H.No.8 Kadodara Ta.Palsana",,Open 24 hours,https://maps.gstatic.com/consumer/images/icons/1x/ic_directions_gm_blue_24px.png,Directions
https://www.google.com/maps/place/kamrej+Police+Station/data=!4m7!3m6!1s0x3be047b1607255a9:0x6b09dd60e28267b9!8m2!3d21.2847111!4d72.9747913!16s%2Fg%2F11g2wqsqx8!19sChIJqVVyYLFH4DsRuWeC4mDdCWs?authuser=0&hl=en&rclk=1,21.269524100000002,72.957660099999998,kamrej Police Station,2.500000000000000,"-4",Sheriff's department,·,7XMF+VWM,,Open 24 hours,https://maps.gstatic.com/consumer/images/icons/1x/ic_directions_gm_blue_24px.png,Directions
https://www.google.com/maps/place/Police/data=!4m7!3m6!1s0x3be04fa5da596ba7:0xcce171c38a75280!8m2!3d21.1951329!4d72.819781!16s%2Fg%2F11h2cm7rrg!19sChIJp2tZ2qVP4DsRgFKnOBwXzgw?authuser=0&hl=en&rclk=1,36.797231300000000,-86.815063899999998,Police,,,Police academy,,,,,https://www.gstatic.com/images/icons/material/system_gm/1x/public_gm_blue_24dp.png,Website
https://www.google.com/maps/place/Police+Commissioner+Office/data=!4m7!3m6!1s0x3be04dd8c23dc4db:0x35faeff63d0931f2!8m2!3d21.182306!4d72.803765!16s%2Fg%2F11cst1gd0h!19sChIJ28Q9wthN4DsR8jEJPfbv-jU?authuser=0&hl=en&rclk=1,56.449151000000001,29.293426000000000,Police Commissioner Office,4.400000000000001,"-14",Bus stop,,,,,https://maps.gstatic.com/consumer/images/icons/1x/ic_directions_gm_blue_24px.png,Directions
https://www.google.com/maps/place/Bhestan+Aawas+Police+Choki/data=!4m7!3m6!1s0x3be051e971cbb1d9:0x2ccaa0c61ac13fee!8m2!3d21.1291135!4d72.8682237!16s%2Fg%2F11s0znsfv7!19sChIJ2bHLcelR4DsR7j_BGsagyiw?authuser=0&hl=en&rclk=1,21.130258300000001,72.854501900000002,Bhestan Aawas Police Choki,5.000000000000000,"-1",Government office,·,4VH9+J7X,,Open now,https://maps.gstatic.com/consumer/images/icons/1x/ic_directions_gm_blue_24px.png,Directions
https://www.google.com/maps/place/Bardoli+Police+Station/data=!4m7!3m6!1s0x3be06714d1450a1f:0xa567a3d9e2e64bd!8m2!3d21.1158346!4d73.111702!16s%2Fg%2F1w0h5zs6!19sChIJHwpF0RRn4DsRvWQunj16Vgo?authuser=0&hl=en&rclk=1,21.115834599999999,73.111701999999994,Bardoli Police Station,4.300000000000000,"-27",Police department,·,"Near Sardar Baug, Limda Chowk, 171, Station Rd",02622 220 168,,https://maps.gstatic.com/consumer/images/icons/1x/ic_directions_gm_blue_24px.png,Directions
https://www.google.com/maps/place/Delhi+Gate+Police+Station/data=!4m7!3m6!1s0x3be04f4105ff9b31:0xd0f5070a96f23dd3!8m2!3d21.2050475!4d72.839375!16s%2Fg%2F11fd56x229!19sChIJMZv_BUFP4DsR0z3ylgoH9dA?authuser=0&hl=en&rclk=1,21.205047499999999,72.839375000000004,Delhi Gate Police Station,5.000000000000000,"-1",Civil police,·,6R4Q+2P9,,,https://maps.gstatic.com/consumer/images/icons/1x/ic_directions_gm_blue_24px.png,Directions
https://www.google.com/maps/place/Saroli+police+station/data=!4m7!3m6!1s0x3be04f26b75e2b2b:0xd74781831baa172a!8m2!3d21.192772!4d72.8893496!16s%2Fg%2F11jz3vt6yb!19sChIJKytetyZP4DsRKheqG4OBR9c?authuser=0&hl=en&rclk=1,21.192772000000001,72.889349600000003,Saroli police station,,,State police,·,"patel faliyu, 14 shree sai deep, opp. Shriya hights",,,https://maps.gstatic.com/consumer/images/icons/1x/ic_directions_gm_blue_24px.png,Directions
,72.849559999999997,21.209350000000001,,,,,,,,,,
,72.875559999999993,21.220628000000001,,,,,,,,,,
,72.903250999999997,21.222280000000001,,,,,,,,,,
,72.857121000000006,21.175996000000001,,,,,,,,,,
,72.880679999999998,21.155100000000001,,,,,,,,,,
,72.833810999999997,21.198336000000001,,,,,,,,,,
,72.872029999999995,21.189209999999999,,,,,,,,,,
,72.830470000000005,21.216790000000000,,,,,,,,,,
,72.827439999999996,21.204070000000002,,,,,,,,,,
,72.805030000000002,21.225320000000000,,,,,,,,,,
,72.819320000000005,21.198239999999998,,,,,,,,,,
,72.803719999999998,21.179099999999998,,,,,,,,,,
,72.840000000000003,21.141890000000000,,,,,,,,,,
,72.881569999999996,21.087370000000000,,,,,,,,,,
,72.864459999999994,21.100829999999998,,,,,,,,,,
,72.851789999999994,21.247450000000001,,,,,,,,,,
,72.784400000000005,21.201850000000000,,,,,,,,,,
,72.710220000000007,21.185939999999999,,,,,,,,,,
,72.660650000000004,21.146799999999999,,,,,,,,,,
,72.650850000000005,21.096530000000001,,,,,,,,,,
,72.707610000000003,21.094069999999999,,,,,,,,,,
,72.803719999999998,21.179099999999998,,,,,,,,,,
,72.800799999999995,21.180454000000001,,,,,,,,,,
